Time (s),Pressure (mmHg)
0.000,0.037
0.010,0.049
0.020,0.052
0.030,0.096
0.040,0.020
0.050,0.010
0.060,0.067
0.070,0.075
0.080,0.109
0.090,0.098
0.100,0.125
0.110,0.156
0.120,0.180
0.130,0.204
0.140,0.220
0.150,0.288
0.160,0.368
0.170,0.469
0.180,0.447
0.190,0.544
0.200,0.606
0.210,0.617
0.220,0.689
0.230,0.784
0.240,0.824
0.250,0.917
0.260,0.989
0.270,1.023
0.280,1.120
0.290,1.163
0.300,1.284
0.310,1.352
0.320,1.451
0.330,1.567
0.340,1.557
0.350,1.762
0.360,1.831
0.370,2.000
0.380,2.073
0.390,2.138
0.400,2.206
0.410,2.266
0.420,2.457
0.430,2.626
0.440,2.742
0.450,2.848
0.460,2.857
0.470,3.076
0.480,3.163
0.490,3.290
0.500,3.416
0.510,3.495
0.520,3.655
0.530,3.886
0.540,4.112
0.550,4.181
0.560,4.288
0.570,4.416
0.580,4.634
0.590,4.728
0.600,4.947
0.610,5.034
0.620,5.216
0.630,5.323
0.640,5.572
0.650,5.737
0.660,5.965
0.670,6.139
0.680,6.202
0.690,6.403
0.700,6.615
0.710,6.750
0.720,6.901
0.730,7.104
0.740,7.319
0.750,7.496
0.760,7.754
0.770,8.003
0.780,8.148
0.790,8.400
0.800,8.470
0.810,8.742
0.820,8.906
0.830,9.076
0.840,9.361
0.850,9.527
0.860,9.765
0.870,9.979
0.880,10.093
0.890,10.409
0.900,10.683
0.910,10.906
0.920,11.027
0.930,11.301
0.940,11.507
0.950,11.769
0.960,11.989
0.970,12.162
0.980,12.487
0.990,12.777
1.000,13.019
1.010,13.176
1.020,13.509
1.030,13.703
1.040,14.000
1.050,14.181
1.060,14.438
1.070,14.770
1.080,14.966
1.090,15.140
1.100,15.446
1.110,15.745
1.120,16.038
1.130,16.270
1.140,16.571
1.150,16.848
1.160,17.113
1.170,17.389
1.180,17.681
1.190,17.882
1.200,18.226
1.210,18.452
1.220,18.799
1.230,18.954
1.240,19.395
1.250,19.574
1.260,19.869
1.270,20.110
1.280,20.518
1.290,20.775
1.300,21.105
1.310,21.375
1.320,21.693
1.330,22.091
1.340,22.218
1.350,22.613
1.360,22.920
1.370,23.147
1.380,23.446
1.390,23.834
1.400,24.119
1.410,24.509
1.420,24.864
1.430,25.145
1.440,25.412
1.450,25.691
1.460,26.104
1.470,26.294
1.480,26.608
1.490,26.999
1.500,27.291
1.510,27.610
1.520,28.046
1.530,28.288
1.540,28.698
1.550,29.049
1.560,29.253
1.570,29.674
1.580,29.962
1.590,30.297
1.600,30.658
1.610,31.041
1.620,31.290
1.630,31.669
1.640,32.004
1.650,32.283
1.660,32.789
1.670,33.106
1.680,33.459
1.690,33.851
1.700,34.207
1.710,34.607
1.720,34.957
1.730,35.259
1.740,35.607
1.750,35.976
1.760,36.386
1.770,36.845
1.780,37.083
1.790,37.366
1.800,37.798
1.810,38.095
1.820,38.584
1.830,38.921
1.840,39.182
1.850,39.610
1.860,39.999
1.870,40.389
1.880,40.766
1.890,41.120
1.900,41.507
1.910,41.898
1.920,42.308
1.930,42.779
1.940,43.047
1.950,43.476
1.960,43.833
1.970,44.138
1.980,44.545
1.990,44.999
2.000,45.252
2.010,45.804
2.020,46.059
2.030,46.534
2.040,46.952
2.050,47.301
2.060,47.758
2.070,48.141
2.080,48.473
2.090,48.919
2.100,49.394
2.110,49.709
2.120,50.087
2.130,50.473
2.140,50.859
2.150,51.286
2.160,51.756
2.170,52.147
2.180,52.489
2.190,52.905
2.200,53.230
2.210,53.705
2.220,54.181
2.230,54.538
2.240,54.964
2.250,55.436
2.260,55.723
2.270,56.249
2.280,56.557
2.290,56.947
2.300,57.398
2.310,57.806
2.320,58.207
2.330,58.658
2.340,59.052
2.350,59.499
2.360,59.931
2.370,60.408
2.380,60.712
2.390,61.128
2.400,61.484
2.410,62.021
2.420,62.473
2.430,62.906
2.440,63.333
2.450,63.794
2.460,64.078
2.470,64.585
2.480,64.960
2.490,65.409
2.500,65.814
2.510,66.262
2.520,66.668
2.530,67.114
2.540,67.549
2.550,67.998
2.560,68.325
2.570,68.797
2.580,69.352
2.590,69.597
2.600,70.112
2.610,70.509
2.620,70.925
2.630,71.373
2.640,71.817
2.650,72.266
2.660,72.742
2.670,73.101
2.680,73.562
2.690,73.959
2.700,74.414
2.710,74.879
2.720,75.328
2.730,75.775
2.740,76.123
2.750,76.619
2.760,77.020
2.770,77.476
2.780,77.801
2.790,78.262
2.800,78.722
2.810,79.239
2.820,79.653
2.830,79.994
2.840,80.520
2.850,80.929
2.860,81.331
2.870,81.857
2.880,82.266
2.890,82.703
2.900,83.141
2.910,83.533
2.920,84.024
2.930,84.523
2.940,84.873
2.950,85.362
2.960,85.646
2.970,86.214
2.980,86.605
2.990,87.108
3.000,87.442
3.010,87.909
3.020,88.335
3.030,88.786
3.040,89.278
3.050,89.691
3.060,90.203
3.070,90.652
3.080,90.941
3.090,91.408
3.100,91.872
3.110,92.357
3.120,92.787
3.130,93.176
3.140,93.602
3.150,94.101
3.160,94.460
3.170,94.962
3.180,95.325
3.190,95.791
3.200,96.193
3.210,96.654
3.220,97.097
3.230,97.558
3.240,98.002
3.250,98.502
3.260,98.889
3.270,99.303
3.280,99.589
3.290,100.138
3.300,100.685
3.310,101.042
3.320,101.568
3.330,101.883
3.340,102.270
3.350,102.714
3.360,103.097
3.370,103.508
3.380,104.020
3.390,104.474
3.400,104.831
3.410,105.397
3.420,105.868
3.430,106.127
3.440,106.516
3.450,106.974
3.460,107.463
3.470,107.910
3.480,108.338
3.490,108.846
3.500,109.196
3.510,109.517
3.520,110.025
3.530,110.472
3.540,110.852
3.550,111.352
3.560,111.632
3.570,112.150
3.580,112.536
3.590,112.860
3.600,113.361
3.610,113.775
3.620,114.266
3.630,114.621
3.640,115.091
3.650,115.484
3.660,115.972
3.670,116.404
3.680,116.738
3.690,117.172
3.700,117.606
3.710,118.002
3.720,118.389
3.730,118.780
3.740,119.265
3.750,119.603
3.760,120.013
3.770,120.422
3.780,120.875
3.790,121.231
3.800,121.682
3.810,122.063
3.820,122.550
3.830,122.853
3.840,123.326
3.850,123.764
3.860,124.141
3.870,124.510
3.880,124.885
3.890,125.328
3.900,125.687
3.910,126.107
3.920,126.531
3.930,126.871
3.940,127.235
3.950,127.697
3.960,128.097
3.970,128.499
3.980,128.910
3.990,129.190
4.000,129.601
4.010,129.907
4.020,130.398
4.030,130.725
4.040,131.208
4.050,131.549
4.060,131.860
4.070,132.305
4.080,132.722
4.090,133.168
4.100,133.441
4.110,133.872
4.120,134.302
4.130,134.610
4.140,135.047
4.150,135.461
4.160,135.631
4.170,136.092
4.180,136.553
4.190,136.824
4.200,137.146
4.210,137.603
4.220,137.918
4.230,138.322
4.240,138.576
4.250,139.008
4.260,139.454
4.270,139.626
4.280,140.105
4.290,140.534
4.300,140.768
4.310,141.207
4.320,141.475
4.330,141.897
4.340,142.248
4.350,142.642
4.360,142.844
4.370,143.263
4.380,143.698
4.390,144.003
4.400,144.280
4.410,144.631
4.420,144.976
4.430,145.331
4.440,145.738
4.450,145.991
4.460,146.351
4.470,146.697
4.480,146.938
4.490,147.286
4.500,147.668
4.510,147.991
4.520,148.279
4.530,148.648
4.540,148.871
4.550,149.251
4.560,149.617
4.570,149.888
4.580,150.244
4.590,150.595
4.600,150.871
4.610,151.162
4.620,151.510
4.630,151.858
4.640,152.079
4.650,152.392
4.660,152.693
4.670,153.003
4.680,153.340
4.690,153.621
4.700,153.895
4.710,154.239
4.720,154.492
4.730,154.819
4.740,155.114
4.750,155.327
4.760,155.652
4.770,155.994
4.780,156.207
4.790,156.595
4.800,156.810
4.810,157.023
4.820,157.291
4.830,157.606
4.840,157.998
4.850,158.187
4.860,158.448
4.870,158.751
4.880,159.072
4.890,159.251
4.900,159.505
4.910,159.773
4.920,160.113
4.930,160.241
4.940,160.574
4.950,160.717
4.960,161.065
4.970,161.342
4.980,161.529
4.990,161.787
5.000,162.041
5.010,162.310
5.020,162.467
5.030,162.536
5.040,163.086
5.050,163.210
5.060,163.510
5.070,163.720
5.080,163.973
5.090,164.169
5.100,164.361
5.110,164.528
5.120,164.811
5.130,165.032
5.140,165.207
5.150,165.443
5.160,165.635
5.170,165.862
5.180,166.079
5.190,166.338
5.200,166.571
5.210,166.636
5.220,166.861
5.230,167.171
5.240,167.339
5.250,167.459
5.260,167.687
5.270,167.829
5.280,168.098
5.290,168.247
5.300,168.347
5.310,168.500
5.320,168.802
5.330,168.963
5.340,169.095
5.350,169.224
5.360,169.363
5.370,169.630
5.380,169.719
5.390,169.947
5.400,170.113
5.410,170.310
5.420,170.421
5.430,170.578
5.440,170.744
5.450,170.762
5.460,171.097
5.470,171.053
5.480,171.306
5.490,171.380
5.500,171.631
5.510,171.715
5.520,171.784
5.530,171.902
5.540,171.973
5.550,172.142
5.560,172.337
5.570,172.370
5.580,172.495
5.590,172.678
5.600,172.743
5.610,172.809
5.620,173.013
5.630,173.096
5.640,173.153
5.650,173.313
5.660,173.368
5.670,173.410
5.680,173.584
5.690,173.617
5.700,173.663
5.710,173.820
5.720,173.953
5.730,174.003
5.740,174.057
5.750,174.074
5.760,174.209
5.770,174.208
5.780,174.356
5.790,174.424
5.800,174.422
5.810,174.503
5.820,174.552
5.830,174.637
5.840,174.594
5.850,174.688
5.860,174.794
5.870,174.646
5.880,174.801
5.890,174.791
5.900,174.918
5.910,174.913
5.920,174.849
5.930,174.908
5.940,174.973
5.950,175.007
5.960,175.011
5.970,174.953
5.980,174.990
5.990,174.942
6.000,174.998
6.010,174.840
6.020,174.903
6.030,174.814
6.040,174.702
6.050,174.639
6.060,174.546
6.070,174.506
6.080,174.372
6.090,174.361
6.100,174.367
6.110,174.353
6.120,174.219
6.130,174.126
6.140,173.969
6.150,174.001
6.160,173.920
6.170,173.851
6.180,173.782
6.190,173.679
6.200,173.690
6.210,173.540
6.220,173.482
6.230,173.351
6.240,173.333
6.250,173.309
6.260,173.279
6.270,173.184
6.280,173.130
6.290,173.098
6.300,172.877
6.310,172.841
6.320,172.829
6.330,172.786
6.340,172.737
6.350,172.610
6.360,172.574
6.370,172.612
6.380,172.444
6.390,172.332
6.400,172.371
6.410,172.160
6.420,172.102
6.430,172.085
6.440,172.086
6.450,171.887
6.460,171.923
6.470,171.935
6.480,171.746
6.490,171.700
6.500,171.585
6.510,171.597
6.520,171.511
6.530,171.455
6.540,171.342
6.550,171.296
6.560,171.212
6.570,171.145
6.580,171.114
6.590,171.002
6.600,171.040
6.610,170.872
6.620,170.839
6.630,170.728
6.640,170.693
6.650,170.578
6.660,170.498
6.670,170.515
6.680,170.358
6.690,170.365
6.700,170.181
6.710,170.196
6.720,170.114
6.730,170.044
6.740,169.995
6.750,169.914
6.760,169.908
6.770,169.864
6.780,169.684
6.790,169.605
6.800,169.578
6.810,169.544
6.820,169.461
6.830,169.413
6.840,169.266
6.850,169.282
6.860,169.227
6.870,169.063
6.880,169.201
6.890,168.947
6.900,169.017
6.910,168.910
6.920,168.745
6.930,168.676
6.940,168.611
6.950,168.620
6.960,168.411
6.970,168.485
6.980,168.405
6.990,168.354
7.000,168.253
7.010,168.093
7.020,168.043
7.030,168.081
7.040,167.934
7.050,168.006
7.060,167.882
7.070,167.813
7.080,167.752
7.090,167.752
7.100,167.556
7.110,167.538
7.120,167.486
7.130,167.358
7.140,167.373
7.150,167.213
7.160,167.186
7.170,167.147
7.180,167.078
7.190,166.929
7.200,166.928
7.210,166.801
7.220,166.838
7.230,166.658
7.240,166.647
7.250,166.486
7.260,166.562
7.270,166.373
7.280,166.359
7.290,166.320
7.300,166.189
7.310,166.200
7.320,166.039
7.330,165.989
7.340,166.022
7.350,165.898
7.360,165.902
7.370,165.738
7.380,165.695
7.390,165.633
7.400,165.577
7.410,165.472
7.420,165.424
7.430,165.301
7.440,165.351
7.450,165.228
7.460,165.098
7.470,165.158
7.480,164.988
7.490,164.948
7.500,164.906
7.510,164.829
7.520,164.690
7.530,164.665
7.540,164.525
7.550,164.588
7.560,164.442
7.570,164.332
7.580,164.360
7.590,164.170
7.600,164.235
7.610,164.170
7.620,164.010
7.630,163.951
7.640,163.992
7.650,163.952
7.660,163.826
7.670,163.692
7.680,163.640
7.690,163.664
7.700,163.592
7.710,163.450
7.720,163.467
7.730,163.323
7.740,163.322
7.750,163.244
7.760,163.149
7.770,163.035
7.780,163.098
7.790,162.900
7.800,162.906
7.810,162.836
7.820,162.727
7.830,162.645
7.840,162.582
7.850,162.488
7.860,162.549
7.870,162.436
7.880,162.312
7.890,162.122
7.900,162.126
7.910,162.107
7.920,162.007
7.930,161.998
7.940,161.884
7.950,161.764
7.960,161.809
7.970,161.807
7.980,161.683
7.990,161.675
8.000,161.508
8.010,161.491
8.020,161.377
8.030,161.336
8.040,161.198
8.050,161.094
8.060,161.205
8.070,161.047
8.080,160.910
8.090,160.998
8.100,160.729
8.110,160.748
8.120,160.593
8.130,160.649
8.140,160.551
8.150,160.533
8.160,160.400
8.170,160.361
8.180,160.260
8.190,160.123
8.200,160.145
8.210,160.115
8.220,160.060
8.230,159.858
8.240,159.874
8.250,159.861
8.260,159.746
8.270,159.562
8.280,159.668
8.290,159.598
8.300,159.408
8.310,159.264
8.320,159.248
8.330,159.347
8.340,159.238
8.350,159.207
8.360,159.084
8.370,159.071
8.380,158.940
8.390,158.979
8.400,158.843
8.410,158.684
8.420,158.717
8.430,158.634
8.440,158.574
8.450,158.464
8.460,158.419
8.470,158.323
8.480,158.204
8.490,158.225
8.500,158.112
8.510,158.061
8.520,157.958
8.530,157.943
8.540,157.832
8.550,157.709
8.560,157.686
8.570,157.702
8.580,157.439
8.590,157.521
8.600,157.390
8.610,157.358
8.620,157.314
8.630,157.301
8.640,157.124
8.650,157.034
8.660,156.910
8.670,156.919
8.680,156.924
8.690,156.894
8.700,156.834
8.710,156.734
8.720,156.737
8.730,156.494
8.740,156.546
8.750,156.434
8.760,156.314
8.770,156.221
8.780,156.206
8.790,156.216
8.800,156.115
8.810,155.999
8.820,155.876
8.830,155.865
8.840,155.810
8.850,155.678
8.860,155.667
8.870,155.578
8.880,155.591
8.890,155.407
8.900,155.506
8.910,155.284
8.920,155.289
8.930,155.175
8.940,155.164
8.950,155.084
8.960,155.115
8.970,154.861
8.980,154.734
8.990,154.883
9.000,154.690
9.010,154.701
9.020,154.692
9.030,154.553
9.040,154.419
9.050,154.427
9.060,154.326
9.070,154.283
9.080,154.139
9.090,154.093
9.100,154.028
9.110,154.011
9.120,153.957
9.130,153.796
9.140,153.890
9.150,153.662
9.160,153.618
9.170,153.517
9.180,153.439
9.190,153.408
9.200,153.410
9.210,153.368
9.220,153.316
9.230,153.176
9.240,153.111
9.250,153.147
9.260,152.974
9.270,152.965
9.280,152.876
9.290,152.831
9.300,152.822
9.310,152.676
9.320,152.705
9.330,152.603
9.340,152.510
9.350,152.378
9.360,152.307
9.370,152.298
9.380,152.181
9.390,152.095
9.400,151.989
9.410,151.900
9.420,151.884
9.430,151.809
9.440,151.800
9.450,151.692
9.460,151.612
9.470,151.557
9.480,151.499
9.490,151.449
9.500,151.299
9.510,151.329
9.520,151.176
9.530,151.172
9.540,151.158
9.550,150.932
9.560,150.898
9.570,150.806
9.580,150.765
9.590,150.776
9.600,150.724
9.610,150.578
9.620,150.557
9.630,150.463
9.640,150.534
9.650,150.325
9.660,150.314
9.670,150.176
9.680,150.157
9.690,150.055
9.700,149.929
9.710,149.939
9.720,149.762
9.730,149.872
9.740,149.743
9.750,149.645
9.760,149.589
9.770,149.479
9.780,149.528
9.790,149.358
9.800,149.302
9.810,149.320
9.820,149.159
9.830,149.169
9.840,149.094
9.850,148.967
9.860,148.887
9.870,148.842
9.880,148.757
9.890,148.690
9.900,148.580
9.910,148.575
9.920,148.513
9.930,148.492
9.940,148.349
9.950,148.261
9.960,148.159
9.970,148.168
9.980,148.079
9.990,148.035
10.000,147.893
10.010,147.972
10.020,147.932
10.030,147.768
10.040,147.745
10.050,147.636
10.060,147.538
10.070,147.500
10.080,147.466
10.090,147.423
10.100,147.421
10.110,147.330
10.120,147.265
10.130,147.246
10.140,147.250
10.150,147.041
10.160,147.055
10.170,147.010
10.180,146.767
10.190,146.764
10.200,146.621
10.210,146.609
10.220,146.486
10.230,146.426
10.240,146.265
10.250,146.256
10.260,146.237
10.270,146.132
10.280,146.131
10.290,146.091
10.300,145.976
10.310,145.859
10.320,145.851
10.330,145.744
10.340,145.761
10.350,145.566
10.360,145.564
10.370,145.468
10.380,145.445
10.390,145.371
10.400,145.276
10.410,145.204
10.420,145.149
10.430,145.142
10.440,145.086
10.450,144.817
10.460,144.823
10.470,144.788
10.480,144.701
10.490,144.603
10.500,144.604
10.510,144.600
10.520,144.436
10.530,144.363
10.540,144.382
10.550,144.254
10.560,144.174
10.570,143.992
10.580,144.034
10.590,143.917
10.600,143.867
10.610,143.826
10.620,143.731
10.630,143.661
10.640,143.503
10.650,143.557
10.660,143.522
10.670,143.377
10.680,143.402
10.690,143.263
10.700,143.271
10.710,143.187
10.720,143.067
10.730,143.008
10.740,142.962
10.750,142.913
10.760,142.797
10.770,142.757
10.780,142.621
10.790,142.596
10.800,142.554
10.810,142.452
10.820,142.371
10.830,142.247
10.840,142.214
10.850,142.159
10.860,142.139
10.870,142.116
10.880,142.026
10.890,142.032
10.900,142.029
10.910,141.874
10.920,141.925
10.930,141.885
10.940,141.926
10.950,141.761
10.960,141.743
10.970,141.650
10.980,141.564
10.990,141.499
11.000,141.364
11.010,141.362
11.020,141.247
11.030,141.104
11.040,140.981
11.050,140.973
11.060,140.778
11.070,140.659
11.080,140.668
11.090,140.563
11.100,140.467
11.110,140.443
11.120,140.421
11.130,140.247
11.140,140.328
11.150,140.176
11.160,140.145
11.170,140.123
11.180,140.033
11.190,139.989
11.200,139.896
11.210,139.880
11.220,139.805
11.230,139.784
11.240,139.728
11.250,139.541
11.260,139.458
11.270,139.382
11.280,139.435
11.290,139.155
11.300,139.261
11.310,139.095
11.320,139.078
11.330,138.961
11.340,138.850
11.350,138.780
11.360,138.757
11.370,138.719
11.380,138.503
11.390,138.522
11.400,138.471
11.410,138.372
11.420,138.317
11.430,138.275
11.440,138.123
11.450,138.084
11.460,137.974
11.470,137.834
11.480,137.857
11.490,137.808
11.500,137.678
11.510,137.712
11.520,137.542
11.530,137.503
11.540,137.484
11.550,137.421
11.560,137.282
11.570,137.255
11.580,137.307
11.590,137.062
11.600,136.985
11.610,137.029
11.620,136.837
11.630,136.793
11.640,136.775
11.650,136.704
11.660,136.650
11.670,136.608
11.680,136.591
11.690,136.486
11.700,136.543
11.710,136.419
11.720,136.431
11.730,136.445
11.740,136.350
11.750,136.458
11.760,136.424
11.770,136.386
11.780,136.379
11.790,136.299
11.800,136.304
11.810,136.141
11.820,136.081
11.830,135.928
11.840,135.772
11.850,135.614
11.860,135.474
11.870,135.301
11.880,135.292
11.890,135.169
11.900,135.081
11.910,135.036
11.920,134.949
11.930,134.895
11.940,134.798
11.950,134.815
11.960,134.730
11.970,134.665
11.980,134.662
11.990,134.566
12.000,134.514
12.010,134.442
12.020,134.266
12.030,134.351
12.040,134.380
12.050,134.210
12.060,134.097
12.070,134.084
12.080,134.026
12.090,133.948
12.100,133.764
12.110,133.713
12.120,133.662
12.130,133.574
12.140,133.502
12.150,133.239
12.160,133.334
12.170,133.215
12.180,132.994
12.190,133.032
12.200,132.922
12.210,132.888
12.220,132.827
12.230,132.713
12.240,132.653
12.250,132.540
12.260,132.461
12.270,132.381
12.280,132.442
12.290,132.292
12.300,132.252
12.310,132.146
12.320,132.073
12.330,131.970
12.340,131.954
12.350,131.837
12.360,131.766
12.370,131.804
12.380,131.774
12.390,131.703
12.400,131.470
12.410,131.522
12.420,131.365
12.430,131.309
12.440,131.361
12.450,131.144
12.460,131.123
12.470,131.089
12.480,131.000
12.490,130.896
12.500,130.957
12.510,130.888
12.520,130.751
12.530,130.823
12.540,130.864
12.550,130.814
12.560,130.902
12.570,130.867
12.580,130.866
12.590,130.951
12.600,130.980
12.610,130.922
12.620,131.032
12.630,130.884
12.640,130.769
12.650,130.691
12.660,130.531
12.670,130.357
12.680,130.113
12.690,130.011
12.700,129.824
12.710,129.640
12.720,129.558
12.730,129.478
12.740,129.441
12.750,129.186
12.760,129.209
12.770,129.203
12.780,129.122
12.790,129.137
12.800,129.050
12.810,129.094
12.820,128.793
12.830,128.967
12.840,128.777
12.850,128.731
12.860,128.798
12.870,128.665
12.880,128.626
12.890,128.581
12.900,128.460
12.910,128.355
12.920,128.239
12.930,128.185
12.940,128.142
12.950,127.993
12.960,127.960
12.970,127.811
12.980,127.685
12.990,127.599
13.000,127.523
13.010,127.387
13.020,127.370
13.030,127.295
13.040,127.181
13.050,127.147
13.060,126.986
13.070,126.948
13.080,126.810
13.090,126.739
13.100,126.751
13.110,126.597
13.120,126.607
13.130,126.517
13.140,126.363
13.150,126.453
13.160,126.250
13.170,126.269
13.180,126.145
13.190,126.151
13.200,125.997
13.210,126.045
13.220,125.895
13.230,125.821
13.240,125.812
13.250,125.721
13.260,125.608
13.270,125.567
13.280,125.475
13.290,125.336
13.300,125.307
13.310,125.179
13.320,125.229
13.330,125.135
13.340,125.112
13.350,125.068
13.360,125.184
13.370,125.017
13.380,125.228
13.390,125.156
13.400,125.314
13.410,125.439
13.420,125.559
13.430,125.527
13.440,125.650
13.450,125.571
13.460,125.679
13.470,125.609
13.480,125.364
13.490,125.125
13.500,124.984
13.510,124.796
13.520,124.545
13.530,124.305
13.540,124.158
13.550,123.926
13.560,123.720
13.570,123.684
13.580,123.632
13.590,123.527
13.600,123.518
13.610,123.405
13.620,123.425
13.630,123.362
13.640,123.345
13.650,123.241
13.660,123.240
13.670,123.188
13.680,123.129
13.690,123.209
13.700,123.080
13.710,123.078
13.720,122.821
13.730,122.841
13.740,122.746
13.750,122.682
13.760,122.572
13.770,122.550
13.780,122.360
13.790,122.320
13.800,122.034
13.810,122.040
13.820,121.953
13.830,121.794
13.840,121.732
13.850,121.559
13.860,121.388
13.870,121.363
13.880,121.253
13.890,121.156
13.900,121.211
13.910,121.074
13.920,121.040
13.930,120.942
13.940,120.823
13.950,120.762
13.960,120.771
13.970,120.707
13.980,120.527
13.990,120.561
14.000,120.516
14.010,120.548
14.020,120.418
14.030,120.248
14.040,120.258
14.050,120.151
14.060,120.117
14.070,120.023
14.080,120.050
14.090,119.717
14.100,119.667
14.110,119.702
14.120,119.647
14.130,119.564
14.140,119.497
14.150,119.388
14.160,119.358
14.170,119.292
14.180,119.431
14.190,119.358
14.200,119.442
14.210,119.364
14.220,119.658
14.230,119.850
14.240,119.871
14.250,120.100
14.260,120.162
14.270,120.348
14.280,120.399
14.290,120.366
14.300,120.275
14.310,120.178
14.320,119.877
14.330,119.626
14.340,119.451
14.350,119.098
14.360,118.807
14.370,118.636
14.380,118.294
14.390,118.249
14.400,118.044
14.410,117.964
14.420,117.859
14.430,117.810
14.440,117.685
14.450,117.673
14.460,117.653
14.470,117.755
14.480,117.616
14.490,117.564
14.500,117.579
14.510,117.685
14.520,117.569
14.530,117.505
14.540,117.446
14.550,117.366
14.560,117.352
14.570,117.211
14.580,117.160
14.590,117.035
14.600,116.926
14.610,116.702
14.620,116.680
14.630,116.502
14.640,116.344
14.650,116.227
14.660,116.135
14.670,116.047
14.680,115.945
14.690,115.836
14.700,115.764
14.710,115.596
14.720,115.503
14.730,115.440
14.740,115.364
14.750,115.222
14.760,115.241
14.770,115.170
14.780,115.135
14.790,114.980
14.800,114.931
14.810,114.835
14.820,114.739
14.830,114.660
14.840,114.611
14.850,114.597
14.860,114.603
14.870,114.377
14.880,114.385
14.890,114.353
14.900,114.206
14.910,114.149
14.920,114.062
14.930,114.106
14.940,113.939
14.950,113.895
14.960,113.845
14.970,113.637
14.980,113.681
14.990,113.702
15.000,113.601
15.010,113.593
15.020,113.614
15.030,113.848
15.040,113.834
15.050,113.960
15.060,114.156
15.070,114.405
15.080,114.629
15.090,114.924
15.100,114.972
15.110,115.149
15.120,115.182
15.130,115.067
15.140,114.923
15.150,114.655
15.160,114.449
15.170,114.044
15.180,113.636
15.190,113.377
15.200,112.947
15.210,112.701
15.220,112.560
15.230,112.341
15.240,112.214
15.250,112.122
15.260,112.081
15.270,112.109
15.280,111.982
15.290,112.006
15.300,111.964
15.310,112.005
15.320,111.981
15.330,111.955
15.340,111.947
15.350,112.001
15.360,111.913
15.370,111.898
15.380,111.836
15.390,111.643
15.400,111.689
15.410,111.545
15.420,111.367
15.430,111.334
15.440,111.091
15.450,111.002
15.460,110.740
15.470,110.732
15.480,110.557
15.490,110.362
15.500,110.189
15.510,110.254
15.520,110.009
15.530,109.898
15.540,109.917
15.550,109.749
15.560,109.613
15.570,109.536
15.580,109.474
15.590,109.430
15.600,109.348
15.610,109.308
15.620,109.200
15.630,109.146
15.640,109.027
15.650,108.925
15.660,108.933
15.670,108.908
15.680,108.772
15.690,108.743
15.700,108.699
15.710,108.578
15.720,108.586
15.730,108.446
15.740,108.393
15.750,108.289
15.760,108.253
15.770,108.184
15.780,108.142
15.790,107.998
15.800,107.971
15.810,107.867
15.820,107.813
15.830,107.731
15.840,107.863
15.850,107.877
15.860,108.032
15.870,108.088
15.880,108.339
15.890,108.554
15.900,108.796
15.910,109.057
15.920,109.404
15.930,109.612
15.940,109.878
15.950,109.924
15.960,109.950
15.970,109.807
15.980,109.571
15.990,109.179
16.000,108.849
16.010,108.256
16.020,107.936
16.030,107.532
16.040,107.207
16.050,106.837
16.060,106.733
16.070,106.501
16.080,106.434
16.090,106.416
16.100,106.335
16.110,106.255
16.120,106.300
16.130,106.297
16.140,106.277
16.150,106.417
16.160,106.370
16.170,106.396
16.180,106.433
16.190,106.394
16.200,106.320
16.210,106.284
16.220,106.144
16.230,105.990
16.240,105.981
16.250,105.754
16.260,105.682
16.270,105.515
16.280,105.348
16.290,105.135
16.300,105.068
16.310,104.933
16.320,104.720
16.330,104.673
16.340,104.412
16.350,104.340
16.360,104.201
16.370,104.054
16.380,104.067
16.390,103.946
16.400,103.793
16.410,103.711
16.420,103.680
16.430,103.588
16.440,103.583
16.450,103.533
16.460,103.347
16.470,103.286
16.480,103.291
16.490,103.169
16.500,103.148
16.510,103.022
16.520,102.881
16.530,102.947
16.540,102.817
16.550,102.654
16.560,102.725
16.570,102.675
16.580,102.562
16.590,102.537
16.600,102.432
16.610,102.375
16.620,102.299
16.630,102.319
16.640,102.180
16.650,102.030
16.660,101.968
16.670,102.161
16.680,102.256
16.690,102.299
16.700,102.372
16.710,102.671
16.720,102.842
16.730,103.182
16.740,103.481
16.750,103.872
16.760,104.159
16.770,104.507
16.780,104.646
16.790,104.640
16.800,104.500
16.810,104.247
16.820,103.894
16.830,103.463
16.840,102.960
16.850,102.575
16.860,102.056
16.870,101.694
16.880,101.472
16.890,101.107
16.900,100.898
16.910,100.749
16.920,100.698
16.930,100.685
16.940,100.578
16.950,100.627
16.960,100.666
16.970,100.696
16.980,100.719
16.990,100.772
17.000,100.786
17.010,100.783
17.020,100.782
17.030,100.679
17.040,100.645
17.050,100.588
17.060,100.522
17.070,100.348
17.080,100.191
17.090,100.088
17.100,99.979
17.110,99.724
17.120,99.634
17.130,99.393
17.140,99.252
17.150,99.113
17.160,98.971
17.170,98.777
17.180,98.611
17.190,98.577
17.200,98.333
17.210,98.236
17.220,98.244
17.230,98.198
17.240,98.039
17.250,97.979
17.260,97.879
17.270,97.808
17.280,97.809
17.290,97.714
17.300,97.702
17.310,97.550
17.320,97.503
17.330,97.361
17.340,97.398
17.350,97.254
17.360,97.112
17.370,97.225
17.380,97.086
17.390,96.896
17.400,96.864
17.410,96.962
17.420,96.777
17.430,96.764
17.440,96.630
17.450,96.600
17.460,96.452
17.470,96.486
17.480,96.372
17.490,96.258
17.500,96.241
17.510,96.420
17.520,96.458
17.530,96.637
17.540,96.857
17.550,97.055
17.560,97.494
17.570,97.845
17.580,98.170
17.590,98.672
17.600,98.816
17.610,99.157
17.620,99.250
17.630,99.140
17.640,98.820
17.650,98.493
17.660,98.148
17.670,97.600
17.680,97.064
17.690,96.647
17.700,96.147
17.710,95.802
17.720,95.554
17.730,95.305
17.740,95.115
17.750,95.055
17.760,95.009
17.770,94.953
17.780,94.865
17.790,95.014
17.800,95.004
17.810,94.948
17.820,95.029
17.830,95.103
17.840,94.982
17.850,95.229
17.860,95.085
17.870,95.050
17.880,94.989
17.890,94.895
17.900,94.830
17.910,94.639
17.920,94.550
17.930,94.392
17.940,94.156
17.950,93.950
17.960,93.841
17.970,93.722
17.980,93.545
17.990,93.295
18.000,93.180
18.010,93.091
18.020,92.901
18.030,92.786
18.040,92.770
18.050,92.590
18.060,92.569
18.070,92.362
18.080,92.381
18.090,92.328
18.100,92.277
18.110,92.097
18.120,92.009
18.130,91.970
18.140,91.948
18.150,91.910
18.160,91.738
18.170,91.724
18.180,91.538
18.190,91.565
18.200,91.570
18.210,91.521
18.220,91.346
18.230,91.193
18.240,91.231
18.250,91.156
18.260,91.177
18.270,91.087
18.280,90.991
18.290,90.960
18.300,90.903
18.310,90.756
18.320,90.684
18.330,90.706
18.340,90.744
18.350,90.891
18.360,90.981
18.370,91.188
18.380,91.452
18.390,91.652
18.400,92.103
18.410,92.401
18.420,92.877
18.430,93.126
18.440,93.399
18.450,93.590
18.460,93.609
18.470,93.327
18.480,93.073
18.490,92.715
18.500,92.240
18.510,91.638
18.520,91.182
18.530,90.682
18.540,90.343
18.550,90.030
18.560,89.805
18.570,89.611
18.580,89.547
18.590,89.444
18.600,89.398
18.610,89.306
18.620,89.304
18.630,89.376
18.640,89.522
18.650,89.441
18.660,89.506
18.670,89.436
18.680,89.525
18.690,89.575
18.700,89.440
18.710,89.280
18.720,89.349
18.730,89.191
18.740,89.083
18.750,89.005
18.760,88.814
18.770,88.660
18.780,88.515
18.790,88.296
18.800,88.049
18.810,87.921
18.820,87.796
18.830,87.611
18.840,87.538
18.850,87.336
18.860,87.222
18.870,87.235
18.880,87.079
18.890,86.915
18.900,86.992
18.910,86.937
18.920,86.864
18.930,86.654
18.940,86.607
18.950,86.541
18.960,86.572
18.970,86.469
18.980,86.343
18.990,86.280
19.000,86.244
19.010,86.167
19.020,86.021
19.030,86.088
19.040,86.052
19.050,85.802
19.060,85.806
19.070,85.684
19.080,85.716
19.090,85.533
19.100,85.611
19.110,85.531
19.120,85.462
19.130,85.410
19.140,85.308
19.150,85.252
19.160,85.227
19.170,85.216
19.180,85.342
19.190,85.421
19.200,85.503
19.210,85.696
19.220,86.031
19.230,86.297
19.240,86.500
19.250,87.047
19.260,87.246
19.270,87.420
19.280,87.539
19.290,87.518
19.300,87.440
19.310,87.225
19.320,86.794
19.330,86.558
19.340,85.996
19.350,85.628
19.360,85.172
19.370,84.834
19.380,84.507
19.390,84.256
19.400,83.990
19.410,83.933
19.420,83.881
19.430,83.926
19.440,83.804
19.450,83.733
19.460,83.755
19.470,83.845
19.480,83.852
19.490,83.963
19.500,83.924
19.510,83.795
19.520,83.933
19.530,83.816
19.540,83.819
19.550,83.682
19.560,83.655
19.570,83.477
19.580,83.276
19.590,83.197
19.600,83.034
19.610,82.917
19.620,82.764
19.630,82.654
19.640,82.508
19.650,82.294
19.660,82.180
19.670,82.084
19.680,81.932
19.690,81.919
19.700,81.742
19.710,81.681
19.720,81.543
19.730,81.507
19.740,81.382
19.750,81.404
19.760,81.248
19.770,81.136
19.780,81.074
19.790,81.059
19.800,80.997
19.810,80.917
19.820,80.959
19.830,80.753
19.840,80.690
19.850,80.702
19.860,80.619
19.870,80.422
19.880,80.565
19.890,80.387
19.900,80.303
19.910,80.327
19.920,80.116
19.930,80.169
19.940,80.061
19.950,79.999
19.960,79.933
19.970,79.810
19.980,79.797
19.990,79.739
20.000,79.734
20.010,79.795
20.020,79.948
20.030,79.886
20.040,80.050
20.050,80.260
20.060,80.346
20.070,80.676
20.080,80.962
20.090,81.135
20.100,81.288
20.110,81.400
20.120,81.459
20.130,81.414
20.140,81.225
20.150,80.983
20.160,80.613
20.170,80.199
20.180,79.920
20.190,79.508
20.200,79.279
20.210,78.888
20.220,78.782
20.230,78.633
20.240,78.543
20.250,78.301
20.260,78.366
20.270,78.241
20.280,78.313
20.290,78.338
20.300,78.239
20.310,78.240
20.320,78.286
20.330,78.242
20.340,78.264
20.350,78.211
20.360,78.192
20.370,78.074
20.380,78.062
20.390,77.970
20.400,77.876
20.410,77.780
20.420,77.669
20.430,77.513
20.440,77.404
20.450,77.286
20.460,77.186
20.470,77.025
20.480,76.952
20.490,76.827
20.500,76.698
20.510,76.555
20.520,76.499
20.530,76.439
20.540,76.271
20.550,76.201
20.560,76.127
20.570,76.013
20.580,76.030
20.590,75.884
20.600,75.826
20.610,75.745
20.620,75.707
20.630,75.658
20.640,75.590
20.650,75.525
20.660,75.466
20.670,75.485
20.680,75.288
20.690,75.196
20.700,75.252
20.710,75.123
20.720,75.108
20.730,74.961
20.740,74.936
20.750,74.890
20.760,74.758
20.770,74.723
20.780,74.746
20.790,74.601
20.800,74.540
20.810,74.635
20.820,74.384
20.830,74.426
20.840,74.466
20.850,74.407
20.860,74.411
20.870,74.405
20.880,74.582
20.890,74.632
20.900,74.849
20.910,74.996
20.920,75.052
20.930,75.057
20.940,75.188
20.950,75.248
20.960,75.136
20.970,75.068
20.980,74.955
20.990,74.634
21.000,74.433
21.010,74.106
21.020,73.928
21.030,73.712
21.040,73.521
21.050,73.251
21.060,73.055
21.070,73.024
21.080,73.000
21.090,72.823
21.100,72.813
21.110,72.763
21.120,72.692
21.130,72.743
21.140,72.708
21.150,72.703
21.160,72.577
21.170,72.576
21.180,72.519
21.190,72.413
21.200,72.488
21.210,72.379
21.220,72.264
21.230,72.236
21.240,72.206
21.250,72.131
21.260,71.905
21.270,71.904
21.280,71.763
21.290,71.672
21.300,71.619
21.310,71.404
21.320,71.344
21.330,71.128
21.340,71.156
21.350,71.113
21.360,71.018
21.370,70.946
21.380,70.817
21.390,70.778
21.400,70.678
21.410,70.659
21.420,70.606
21.430,70.577
21.440,70.350
21.450,70.389
21.460,70.350
21.470,70.167
21.480,70.096
21.490,70.048
21.500,70.044
21.510,69.921
21.520,69.836
21.530,69.814
21.540,69.720
21.550,69.701
21.560,69.660
21.570,69.567
21.580,69.478
21.590,69.366
21.600,69.386
21.610,69.362
21.620,69.311
21.630,69.173
21.640,69.130
21.650,68.958
21.660,68.883
21.670,69.022
21.680,68.898
21.690,68.881
21.700,68.961
21.710,68.946
21.720,68.943
21.730,68.890
21.740,69.028
21.750,69.151
21.760,69.114
21.770,69.132
21.780,69.107
21.790,69.083
21.800,69.102
21.810,68.960
21.820,68.686
21.830,68.522
21.840,68.425
21.850,68.223
21.860,68.089
21.870,67.917
21.880,67.733
21.890,67.567
21.900,67.507
21.910,67.462
21.920,67.340
21.930,67.270
21.940,67.306
21.950,67.168
21.960,67.244
21.970,67.186
21.980,67.082
21.990,67.043
22.000,67.054
22.010,67.020
22.020,66.855
22.030,66.856
22.040,66.728
22.050,66.621
22.060,66.662
22.070,66.505
22.080,66.529
22.090,66.438
22.100,66.238
22.110,66.230
22.120,66.130
22.130,66.023
22.140,65.963
22.150,65.771
22.160,65.818
22.170,65.649
22.180,65.672
22.190,65.472
22.200,65.446
22.210,65.364
22.220,65.362
22.230,65.265
22.240,65.137
22.250,65.129
22.260,65.073
22.270,65.011
22.280,64.968
22.290,64.864
22.300,64.771
22.310,64.667
22.320,64.718
22.330,64.578
22.340,64.490
22.350,64.476
22.360,64.318
22.370,64.315
22.380,64.311
22.390,64.199
22.400,64.121
22.410,64.107
22.420,63.966
22.430,63.961
22.440,63.901
22.450,63.865
22.460,63.781
22.470,63.561
22.480,63.544
22.490,63.584
22.500,63.488
22.510,63.444
22.520,63.421
22.530,63.406
22.540,63.315
22.550,63.340
22.560,63.296
22.570,63.280
22.580,63.233
22.590,63.256
22.600,63.166
22.610,63.151
22.620,63.072
22.630,63.091
22.640,62.920
22.650,62.817
22.660,62.718
22.670,62.684
22.680,62.482
22.690,62.372
22.700,62.327
22.710,62.135
22.720,62.095
22.730,62.029
22.740,61.868
22.750,61.879
22.760,61.746
22.770,61.749
22.780,61.706
22.790,61.620
22.800,61.483
22.810,61.494
22.820,61.394
22.830,61.345
22.840,61.412
22.850,61.294
22.860,61.212
22.870,61.116
22.880,61.119
22.890,61.083
22.900,60.842
22.910,60.778
22.920,60.755
22.930,60.646
22.940,60.598
22.950,60.523
22.960,60.529
22.970,60.424
22.980,60.291
22.990,60.275
23.000,60.242
23.010,60.136
23.020,60.033
23.030,59.920
23.040,59.875
23.050,59.844
23.060,59.705
23.070,59.625
23.080,59.553
23.090,59.577
23.100,59.404
23.110,59.455
23.120,59.325
23.130,59.334
23.140,59.184
23.150,59.137
23.160,59.068
23.170,59.011
23.180,58.967
23.190,58.896
23.200,58.792
23.210,58.718
23.220,58.671
23.230,58.726
23.240,58.519
23.250,58.503
23.260,58.402
23.270,58.295
23.280,58.259
23.290,58.352
23.300,58.214
23.310,58.106
23.320,58.010
23.330,58.031
23.340,57.893
23.350,57.823
23.360,57.730
23.370,57.652
23.380,57.689
23.390,57.639
23.400,57.579
23.410,57.486
23.420,57.547
23.430,57.453
23.440,57.446
23.450,57.375
23.460,57.287
23.470,57.240
23.480,57.068
23.490,57.032
23.500,56.962
23.510,56.901
23.520,56.746
23.530,56.775
23.540,56.681
23.550,56.611
23.560,56.332
23.570,56.399
23.580,56.300
23.590,56.234
23.600,56.110
23.610,56.109
23.620,56.052
23.630,55.998
23.640,55.894
23.650,55.919
23.660,55.715
23.670,55.769
23.680,55.648
23.690,55.605
23.700,55.469
23.710,55.457
23.720,55.400
23.730,55.395
23.740,55.264
23.750,55.257
23.760,55.041
23.770,55.007
23.780,54.992
23.790,54.959
23.800,54.753
23.810,54.782
23.820,54.711
23.830,54.494
23.840,54.558
23.850,54.541
23.860,54.380
23.870,54.272
23.880,54.273
23.890,54.228
23.900,54.077
23.910,54.078
23.920,53.928
23.930,53.999
23.940,53.851
23.950,53.719
23.960,53.766
23.970,53.646
23.980,53.624
23.990,53.564
24.000,53.432
24.010,53.373
24.020,53.281
24.030,53.224
24.040,53.238
24.050,53.066
24.060,53.158
24.070,52.969
24.080,52.910
24.090,52.904
24.100,52.729
24.110,52.697
24.120,52.586
24.130,52.557
24.140,52.574
24.150,52.533
24.160,52.478
24.170,52.374
24.180,52.202
24.190,52.141
24.200,52.121
24.210,52.062
24.220,52.001
24.230,51.938
24.240,51.878
24.250,51.901
24.260,51.769
24.270,51.691
24.280,51.686
24.290,51.580
24.300,51.552
24.310,51.491
24.320,51.397
24.330,51.278
24.340,51.199
24.350,51.127
24.360,51.088
24.370,51.114
24.380,50.875
24.390,50.727
24.400,50.871
24.410,50.649
24.420,50.629
24.430,50.538
24.440,50.517
24.450,50.396
24.460,50.423
24.470,50.272
24.480,50.360
24.490,50.166
24.500,50.137
24.510,50.052
24.520,49.963
24.530,49.861
24.540,49.852
24.550,49.772
24.560,49.715
24.570,49.677
24.580,49.614
24.590,49.539
24.600,49.512
24.610,49.378
24.620,49.313
24.630,49.263
24.640,49.189
24.650,49.124
24.660,48.950
24.670,48.983
24.680,48.925
24.690,48.834
24.700,48.717
24.710,48.674
24.720,48.618
24.730,48.549
24.740,48.522
24.750,48.352
24.760,48.346
24.770,48.298
24.780,48.260
24.790,48.096
24.800,48.124
24.810,47.983
24.820,47.913
24.830,47.908
24.840,47.909
24.850,47.763
24.860,47.659
24.870,47.581
24.880,47.499
24.890,47.388
24.900,47.342
24.910,47.266
24.920,47.350
24.930,47.275
24.940,47.094
24.950,47.015
24.960,47.070
24.970,46.966
24.980,46.869
24.990,46.828
25.000,46.686
25.010,46.697
25.020,46.654
25.030,46.501
25.040,46.408
25.050,46.396
25.060,46.387
25.070,46.270
25.080,46.181
25.090,46.138
25.100,46.007
25.110,46.041
25.120,45.920
25.130,45.824
25.140,45.782
25.150,45.769
25.160,45.760
25.170,45.629
25.180,45.636
25.190,45.405
25.200,45.374
25.210,45.317
25.220,45.239
25.230,45.205
25.240,45.054
25.250,45.090
25.260,45.001
25.270,44.937
25.280,44.825
25.290,44.745
25.300,44.707
25.310,44.615
25.320,44.572
25.330,44.565
25.340,44.496
25.350,44.367
25.360,44.278
25.370,44.159
25.380,44.170
25.390,44.168
25.400,44.088
25.410,43.976
25.420,43.896
25.430,43.858
25.440,43.732
25.450,43.616
25.460,43.567
25.470,43.579
25.480,43.519
25.490,43.410
25.500,43.301
25.510,43.264
25.520,43.164
25.530,43.145
25.540,43.114
25.550,43.124
25.560,42.971
25.570,42.989
25.580,42.927
25.590,42.783
25.600,42.701
25.610,42.639
25.620,42.563
25.630,42.421
25.640,42.442
25.650,42.373
25.660,42.265
25.670,42.287
25.680,42.100
25.690,42.043
25.700,42.030
25.710,41.908
25.720,41.866
25.730,41.818
25.740,41.715
25.750,41.644
25.760,41.600
25.770,41.522
25.780,41.426
25.790,41.441
25.800,41.386
25.810,41.240
25.820,41.236
25.830,41.229
25.840,40.984
25.850,40.959
25.860,40.832
25.870,40.881
25.880,40.749
25.890,40.789
25.900,40.702
25.910,40.635
25.920,40.522
25.930,40.622
25.940,40.436
25.950,40.382
25.960,40.195
25.970,40.296
25.980,40.145
25.990,40.070
26.000,39.923
26.010,39.985
26.020,39.960
26.030,39.973
26.040,39.967
26.050,39.948
26.060,40.043
26.070,39.916
26.080,39.992
26.090,39.942
26.100,39.968
26.110,39.929
26.120,39.976
26.130,39.998
26.140,39.965
26.150,39.940
26.160,39.921
26.170,39.933
26.180,39.986
26.190,39.871
26.200,39.953
26.210,39.880
26.220,39.888
26.230,39.882
26.240,39.870
26.250,39.873
26.260,39.864
26.270,39.835
26.280,39.764
26.290,39.794
26.300,39.755
26.310,39.811
26.320,39.849
26.330,39.736
26.340,39.708
26.350,39.715
26.360,39.690
26.370,39.687
26.380,39.652
26.390,39.643
26.400,39.563
26.410,39.727
26.420,39.556
26.430,39.497
26.440,39.533
26.450,39.428
26.460,39.543
26.470,39.514
26.480,39.336
26.490,39.397
26.500,39.342
26.510,39.393
26.520,39.317
26.530,39.232
26.540,39.228
26.550,39.228
26.560,39.239
26.570,39.250
26.580,39.191
26.590,39.155
26.600,39.092
26.610,39.067
26.620,38.986
26.630,38.994
26.640,39.012
26.650,38.970
26.660,38.934
26.670,38.860
26.680,38.855
26.690,38.819
26.700,38.791
26.710,38.927
26.720,38.756
26.730,38.661
26.740,38.705
26.750,38.602
26.760,38.543
26.770,38.466
26.780,38.586
26.790,38.435
26.800,38.317
26.810,38.294
26.820,38.411
26.830,38.189
26.840,38.309
26.850,38.224
26.860,38.091
26.870,38.172
26.880,38.100
26.890,37.990
26.900,37.942
26.910,37.899
26.920,37.943
26.930,37.819
26.940,37.762
26.950,37.706
26.960,37.652
26.970,37.701
26.980,37.636
26.990,37.556
27.000,37.542
27.010,37.388
27.020,37.301
27.030,37.256
27.040,37.335
27.050,37.228
27.060,37.258
27.070,37.143
27.080,37.059
27.090,37.089
27.100,37.020
27.110,36.963
27.120,36.833
27.130,36.805
27.140,36.825
27.150,36.733
27.160,36.607
27.170,36.590
27.180,36.567
27.190,36.451
27.200,36.416
27.210,36.275
27.220,36.275
27.230,36.154
27.240,36.187
27.250,35.997
27.260,36.021
27.270,35.928
27.280,35.806
27.290,35.816
27.300,35.766
27.310,35.719
27.320,35.647
27.330,35.633
27.340,35.560
27.350,35.475
27.360,35.377
27.370,35.399
27.380,35.257
27.390,35.343
27.400,35.089
27.410,35.084
27.420,34.930
27.430,34.873
27.440,34.769
27.450,34.754
27.460,34.684
27.470,34.536
27.480,34.619
27.490,34.428
27.500,34.374
27.510,34.347
27.520,34.179
27.530,34.175
27.540,34.022
27.550,33.967
27.560,33.874
27.570,33.823
27.580,33.820
27.590,33.680
27.600,33.575
27.610,33.500
27.620,33.472
27.630,33.443
27.640,33.320
27.650,33.218
27.660,33.075
27.670,33.015
27.680,32.923
27.690,32.815
27.700,32.858
27.710,32.657
27.720,32.586
27.730,32.458
27.740,32.416
27.750,32.427
27.760,32.170
27.770,32.183
27.780,32.063
27.790,31.910
27.800,31.847
27.810,31.894
27.820,31.771
27.830,31.640
27.840,31.475
27.850,31.503
27.860,31.405
27.870,31.340
27.880,31.181
27.890,31.166
27.900,30.993
27.910,30.954
27.920,30.882
27.930,30.748
27.940,30.612
27.950,30.549
27.960,30.326
27.970,30.172
27.980,30.145
27.990,30.137
28.000,29.973
28.010,29.866
28.020,29.851
28.030,29.756
28.040,29.715
28.050,29.471
28.060,29.339
28.070,29.308
28.080,29.187
28.090,29.103
28.100,28.956
28.110,28.899
28.120,28.706
28.130,28.660
28.140,28.525
28.150,28.460
28.160,28.315
28.170,28.325
28.180,28.057
28.190,27.981
28.200,28.011
28.210,27.749
28.220,27.717
28.230,27.503
28.240,27.440
28.250,27.304
28.260,27.158
28.270,27.143
28.280,27.052
28.290,26.912
28.300,26.791
28.310,26.668
28.320,26.580
28.330,26.388
28.340,26.275
28.350,26.109
28.360,26.153
28.370,25.951
28.380,25.788
28.390,25.715
28.400,25.631
28.410,25.443
28.420,25.358
28.430,25.302
28.440,25.105
28.450,24.941
28.460,24.831
28.470,24.646
28.480,24.636
28.490,24.428
28.500,24.340
28.510,24.310
28.520,24.084
28.530,24.013
28.540,23.889
28.550,23.572
28.560,23.628
28.570,23.491
28.580,23.393
28.590,23.316
28.600,23.018
28.610,22.945
28.620,22.859
28.630,22.652
28.640,22.628
28.650,22.376
28.660,22.321
28.670,22.176
28.680,21.976
28.690,21.934
28.700,21.838
28.710,21.682
28.720,21.508
28.730,21.335
28.740,21.205
28.750,21.131
28.760,20.938
28.770,20.868
28.780,20.634
28.790,20.483
28.800,20.440
28.810,20.233
28.820,20.162
28.830,20.033
28.840,19.858
28.850,19.735
28.860,19.574
28.870,19.394
28.880,19.315
28.890,19.159
28.900,19.055
28.910,18.696
28.920,18.674
28.930,18.463
28.940,18.407
28.950,18.227
28.960,18.070
28.970,17.956
28.980,17.809
28.990,17.584
29.000,17.542
29.010,17.458
29.020,17.139
29.030,17.088
29.040,16.930
29.050,16.773
29.060,16.671
29.070,16.455
29.080,16.259
29.090,16.175
29.100,15.977
29.110,15.802
29.120,15.649
29.130,15.473
29.140,15.365
29.150,15.168
29.160,15.051
29.170,14.752
29.180,14.801
29.190,14.582
29.200,14.403
29.210,14.184
29.220,14.078
29.230,13.919
29.240,13.719
29.250,13.516
29.260,13.355
29.270,13.271
29.280,13.190
29.290,12.966
29.300,12.785
29.310,12.683
29.320,12.402
29.330,12.203
29.340,12.114
29.350,11.930
29.360,11.778
29.370,11.543
29.380,11.494
29.390,11.312
29.400,11.097
29.410,10.956
29.420,10.659
29.430,10.569
29.440,10.387
29.450,10.239
29.460,10.070
29.470,9.904
29.480,9.715
29.490,9.522
29.500,9.315
29.510,9.279
29.520,9.012
29.530,8.901
29.540,8.647
29.550,8.543
29.560,8.269
29.570,8.103
29.580,8.044
29.590,7.772
29.600,7.572
29.610,7.412
29.620,7.293
29.630,7.100
29.640,6.908
29.650,6.627
29.660,6.505
29.670,6.276
29.680,6.123
29.690,6.005
29.700,5.740
29.710,5.515
29.720,5.351
29.730,5.216
29.740,5.019
29.750,4.899
29.760,4.568
29.770,4.380
29.780,4.291
29.790,4.100
29.800,3.926
29.810,3.743
29.820,3.469
29.830,3.353
29.840,3.283
29.850,2.972
29.860,2.739
29.870,2.517
29.880,2.351
29.890,2.268
29.900,1.959
29.910,1.884
29.920,1.557
29.930,1.448
29.940,1.195
29.950,1.024
29.960,0.789
29.970,0.543
29.980,0.390
29.990,0.307
